session_id,match_id,checkpoint_id,video_timestamp_sec,frame_index,frame_sha256,quality_flag,stage_round,hp,gold,level,xp,streak,board_units_count,bench_units_count,board_power,pair_count,immediate_shop_upgrades,estimated_rounds_to_elim,stage_benchmark_ratio,gold_to_next_level,spendable_roll_budget,recent_hp_delta,recommended_action,action_score_gap,actual_player_action,actual_action_source,actual_reviewer_id,human_preferred_action,human_confidence,blind_review,human_judgment,rationale_category,primary_reviewer_id,dual_review_count,t1_checkpoint_id,t1_hp,hp_delta,t1_gold,gold_delta,t2_checkpoint_id,t2_hp,t2_hp_delta,t3_checkpoint_id,t3_hp,t3_hp_delta
SESSION_001,REAL_MATCH_562ffca4,CP001,75.0,4500,b5fb5a7210cfbba5033a3e0d4f49107cdf499e8a558ac8a65507982b892476d0,VALID,2-1,100,10,3,2,0,2,0,2.0,0,0,50.0,1.0,10,0,,SAVE_GOLD,0.0391,SAVE_GOLD,HUMAN_VIDEO_REVIEW,PRIMARY_REVIEWER,SAVE_GOLD,HIGH,False,GOOD,UNKNOWN,REVIEWER_A,0,CP002,96,-4,18,8,CP003,88,-12,CP004,82,-18
SESSION_001,REAL_MATCH_562ffca4,CP002,135.0,8100,a5e500a8f6b9a1e769347d6f9256b34d85354d877979a571933c29056bbd9396,VALID,2-3,96,18,4,4,0,3,0,4.83,0,0,48.0,1.0,12,0,,SAVE_GOLD,0.0231,SAVE_GOLD,HUMAN_VIDEO_REVIEW,PRIMARY_REVIEWER,SAVE_GOLD,HIGH,False,GOOD,UNKNOWN,REVIEWER_A,0,CP003,88,-8,28,10,CP004,82,-14,CP005,82,-14
SESSION_001,REAL_MATCH_562ffca4,CP003,195.0,11700,e53350bd3f441b3790d200303be5926396a0bbaf1c4df64b82f639c3a0cc055f,VALID,2-5,88,28,4,8,0,4,1,5.83,0,1,44.0,1.0,8,0,,SAVE_GOLD,0.0231,SAVE_GOLD,HUMAN_VIDEO_REVIEW,PRIMARY_REVIEWER,SAVE_GOLD,HIGH,False,GOOD,UNKNOWN,REVIEWER_A,0,CP004,82,-6,38,10,CP005,82,-6,CP006,74,-14
SESSION_001,REAL_MATCH_562ffca4,CP004,260.0,15600,c4a60315af64611181b5a51fe9ccf26829d964efaf561e74747487d622e73d33,VALID,2-7,82,38,5,2,0,4,2,7.66,1,1,41.0,1.0,18,0,,SAVE_GOLD,0.0161,SAVE_GOLD,HUMAN_VIDEO_REVIEW,PRIMARY_REVIEWER,SAVE_GOLD,HIGH,False,GOOD,UNKNOWN,REVIEWER_A,0,CP005,82,0,48,10,CP006,74,-8,CP007,68,-14
SESSION_001,REAL_MATCH_562ffca4,CP005,320.0,19200,e6062693d16cc2bb9a27f7da24b222f3959970cb22408dd2b91781c04c5ac48d,VALID,3-1,82,48,5,6,0,5,1,8.66,1,0,20.5,1.0,14,0,,SAVE_GOLD,0.0161,SAVE_GOLD,HUMAN_VIDEO_REVIEW,PRIMARY_REVIEWER,SAVE_GOLD,HIGH,False,GOOD,UNKNOWN,REVIEWER_A,0,CP006,74,-8,52,4,CP007,68,-14,CP008,58,-24
SESSION_001,REAL_MATCH_562ffca4,CP006,385.0,23100,81edeb58bf22158f1b036a17165498a97cd729c898483df63289ed3fdddfba16,VALID,3-2,74,52,6,0,0,6,1,11.49,1,2,18.5,1.0,24,2,,SAVE_GOLD,0.005,BUY_UNIT,HUMAN_VIDEO_REVIEW,PRIMARY_REVIEWER,SAVE_GOLD,HIGH,False,GOOD,UNKNOWN,REVIEWER_A,0,CP007,68,-6,54,2,CP008,58,-16,CP009,48,-26
SESSION_001,REAL_MATCH_562ffca4,CP007,455.0,27300,6cbf1a2f903220789fc31cd3e47bf0642f2a8457cf1aa6257b35423a3a8a9d35,VALID,3-5,68,54,6,12,0,6,0,13.31,0,1,17.0,1.0,12,4,,ROLL,0.0018,SAVE_GOLD,HUMAN_VIDEO_REVIEW,PRIMARY_REVIEWER,SAVE_GOLD,HIGH,False,GOOD,UNKNOWN,REVIEWER_A,0,CP008,58,-10,56,2,CP009,48,-20,CP010,38,-30
SESSION_001,REAL_MATCH_562ffca4,CP008,530.0,31800,e8faff9e398ca84e80fdb6b807a0edcf70545a5be4c0672edffffb7f9a793a9b,VALID,4-1,58,56,7,0,0,7,0,16.14,0,2,8.29,1.0,28,6,,ROLL,0.004,SAVE_GOLD,HUMAN_VIDEO_REVIEW,PRIMARY_REVIEWER,SAVE_GOLD,HIGH,True,GOOD,UNKNOWN,REVIEWER_A,0,CP009,48,-10,44,-12,CP010,38,-20,CP011,32,-26
SESSION_001,REAL_MATCH_562ffca4,CP009,605.0,36300,fce87fbab1499c4add79852c375aec57caf451c5a51c8ad30ddd6f4457939fd9,VALID,4-2,48,44,7,8,0,7,1,17.97,1,2,6.86,1.0,20,0,,SAVE_GOLD,0.0024,SAVE_GOLD,HUMAN_VIDEO_REVIEW,PRIMARY_REVIEWER,ROLL,HIGH,True,QUESTIONABLE,UNKNOWN,REVIEWER_A,0,CP010,38,-10,48,4,CP011,32,-16,CP012,32,-16
SESSION_001,REAL_MATCH_562ffca4,CP010,675.0,40500,f1892131f1769448089f22bbf61dab2d3ba0ab9241072ae5c9ec36acd000b7e8,VALID,4-3,38,48,7,16,0,7,2,17.97,2,3,5.43,1.0,12,0,,SAVE_GOLD,0.0024,ROLL,HUMAN_VIDEO_REVIEW,PRIMARY_REVIEWER,ROLL,HIGH,True,GOOD,UNKNOWN,REVIEWER_A,0,CP011,32,-6,32,-16,CP012,32,-6,CP013,32,-6
SESSION_001,REAL_MATCH_562ffca4,CP011,740.0,44400,a863295472855e9b73edcce9ddf5a6f4d795c0ac99e7833e06c65584ee38b4fc,VALID,4-5,32,32,7,24,0,7,1,19.8,1,0,4.57,1.0,4,0,,ROLL,0.0685,SAVE_GOLD,HUMAN_VIDEO_REVIEW,PRIMARY_REVIEWER,SAVE_GOLD,HIGH,True,GOOD,UNKNOWN,REVIEWER_A,0,CP012,32,0,40,8,CP013,32,0,CP014,24,-8
SESSION_001,REAL_MATCH_562ffca4,CP012,810.0,48600,ac9eeb1c4899f3ff0dd0652097f7cf0e9935963af79ed1d9584b1acf8958b764,VALID,4-6,32,40,7,28,0,7,1,19.8,1,1,4.57,1.0,0,0,,ROLL,0.0679,LEVEL_UP,HUMAN_VIDEO_REVIEW,PRIMARY_REVIEWER,LEVEL_UP,HIGH,True,GOOD,UNKNOWN,REVIEWER_A,0,CP013,32,0,22,-18,CP014,24,-8,CP015,24,-8
SESSION_001,REAL_MATCH_562ffca4,CP013,890.0,53400,4f6ab6e2b600791d994c55c5a4da51af953f98025e4fed05b2380fc919b7658c,VALID,5-1,32,22,8,0,0,8,1,22.63,1,2,3.2,1.0,32,0,,ROLL,0.0324,SAVE_GOLD,HUMAN_VIDEO_REVIEW,PRIMARY_REVIEWER,SAVE_GOLD,HIGH,True,GOOD,UNKNOWN,REVIEWER_A,0,CP014,24,-8,28,6,CP015,24,-8,CP016,16,-16
SESSION_001,REAL_MATCH_562ffca4,CP014,960.0,57600,cba47d74d3eba7b3fe7f7c1606a47b7ebed4c5a2c935c992399906e2186fce77,VALID,5-2,24,28,8,4,0,8,2,22.63,2,2,2.4,1.0,28,0,,ROLL,0.0451,ROLL,HUMAN_VIDEO_REVIEW,PRIMARY_REVIEWER,ROLL,HIGH,True,GOOD,UNKNOWN,REVIEWER_A,0,CP015,24,0,16,-12,CP016,16,-8,CP017,45,21
SESSION_001,REAL_MATCH_562ffca4,CP015,1030.0,61800,e8f999b6fa06a8d3c8f6dd06530c9060abde1d96b90b8581f77db75272e301af,VALID,5-3,24,16,8,8,0,8,2,22.63,2,0,2.4,1.0,24,0,,ROLL,0.0195,SAVE_GOLD,HUMAN_VIDEO_REVIEW,PRIMARY_REVIEWER,SAVE_GOLD,HIGH,True,GOOD,UNKNOWN,REVIEWER_A,0,CP016,16,-8,26,10,CP017,45,21,CP018,45,21
SESSION_001,REAL_MATCH_562ffca4,CP016,1110.0,66600,8d221f3753a06ec6538437c84dfd3aab1c81d1b57e3a309551816fabd151aaa9,VALID,5-5,16,26,8,16,0,8,2,22.63,2,2,1.6,1.0,16,0,,ROLL,0.0408,ROLL,HUMAN_VIDEO_REVIEW,PRIMARY_REVIEWER,ROLL,HIGH,True,GOOD,UNKNOWN,REVIEWER_A,0,CP017,45,29,30,4,CP018,45,29,CP019,8,-8
SESSION_001,REAL_MATCH_562ffca4,CP017,1190.0,71400,5b49c09b706d121657069f9a40da19928edfccd3ae076f966e30f0cec636703a,VALID,5-7,45,30,8,24,0,8,1,25.0,1,0,4.5,1.0,8,0,,SAVE_GOLD,0.0015,SAVE_GOLD,HUMAN_VIDEO_REVIEW,PRIMARY_REVIEWER,SAVE_GOLD,HIGH,True,GOOD,UNKNOWN,REVIEWER_A,0,CP018,45,0,40,10,CP019,8,-37,CP020,8,-37
SESSION_001,REAL_MATCH_562ffca4,CP018,1270.0,76200,bc60fa93213be30859e89a0703b3c85706df93a7e45cec8dc4c4b6fd43702c55,VALID,6-1,45,40,8,32,0,8,1,25.0,1,2,3.0,1.0,0,0,,SAVE_GOLD,0.0015,SAVE_GOLD,HUMAN_VIDEO_REVIEW,PRIMARY_REVIEWER,SAVE_GOLD,HIGH,True,GOOD,UNKNOWN,REVIEWER_A,0,CP019,8,-37,12,-28,CP020,8,-37,,,
SESSION_001,REAL_MATCH_562ffca4,CP019,1360.0,81600,e7033d72f328a5c2cf46f447e5b389f3e80ceb72546208ea7a5bdda54d61ba18,VALID,6-2,8,12,8,36,0,8,0,27.36,0,0,0.53,1.0,0,0,,ROLL,0.0115,ROLL,HUMAN_VIDEO_REVIEW,PRIMARY_REVIEWER,ROLL,HIGH,False,GOOD,UNKNOWN,REVIEWER_A,0,CP020,8,0,4,-8,,,,,,
SESSION_001,REAL_MATCH_562ffca4,CP020,1450.0,87000,9122083236f1c93631f5bead091a56e9fc9e64c775087533c3f72e4f9dde072b,VALID,6-3,8,4,8,40,0,8,0,27.36,0,0,0.53,1.0,0,0,,ROLL,0.0001,SAVE_GOLD,HUMAN_VIDEO_REVIEW,PRIMARY_REVIEWER,SAVE_GOLD,HIGH,False,GOOD,UNKNOWN,REVIEWER_A,0,,,,,,,,,,,
